id,direct,official
W01,,https://www.energy.ca.gov/publications/2021/california-biopower-impacts-project
W02,,https://doi.org/10.1021/acs.est.1c04301
W03,,https://doi.org/10.3389/ffgc.2021.642569
W04,,https://doi.org/10.1016/j.biombioe.2015.03.030
W05,,https://www.gov.uk/government/publications/life-cycle-impacts-of-biomass-electricity-in-2020
W06,,https://doi.org/10.1021/es1024004
W07,,https://doi.org/10.1111/gcbb.12387
W08,,https://doi.org/10.1111/gcbb.12198
W09,,https://doi.org/10.1111/gcbb.12179
W10,,https://doi.org/10.1111/j.1757-1707.2011.01124.x
W11,,https://doi.org/10.1111/gcbb.12426
W12,,https://doi.org/10.1088/1748-9326/aaac88
W13,,https://doi.org/10.1016/j.energy.2017.09.062
W14,,https://doi.org/10.1016/j.biombioe.2011.10.035
W15,,https://doi.org/10.1139/cjfr-2014-0210
W16,,https://doi.org/10.1088/1748-9326/9/2/024007
W17,,https://doi.org/10.1111/j.1757-1707.2011.01149.x
W18,,https://doi.org/10.1016/j.jfe.2013.05.003
W19,,https://doi.org/10.5849/forsci.11-055
W20,,https://doi.org/10.1016/j.reseneeco.2018.04.003
W21,,https://doi.org/10.1038/s43247-023-00698-5
W22,,https://doi.org/10.1093/forestscience/56.4.366
W23,,https://doi.org/10.1016/j.jfe.2011.02.007
W24,,https://doi.org/10.1088/1748-9326/aaa512
W25,,https://doi.org/10.1111/gcbb.12327
W26,,https://doi.org/10.1016/0961-9534(95)00020-8
W27,,https://doi.org/10.1016/j.biombioe.2012.06.027
W28,,https://doi.org/10.1016/j.biombioe.2010.04.009
W29,,https://doi.org/10.1016/j.seta.2014.02.002
W30,,https://doi.org/10.1016/j.biombioe.2025.108260
W31,,https://doi.org/10.1016/j.jclepro.2017.03.026
W32,,https://doi.org/10.1016/j.scitotenv.2021.149716
W33,,https://doi.org/10.1016/j.enpol.2019.01.006
W34,,https://doi.org/10.1016/j.apenergy.2016.02.018
W35,,https://doi.org/10.1016/j.renene.2019.12.013
W36,,https://doi.org/10.2488/jwrs.57.63
W37,,https://doi.org/10.1016/j.biombioe.2010.01.018
W38,,https://doi.org/10.1016/j.rser.2013.08.101
W39,,https://doi.org/10.1111/gcbb.13048
W40,,https://doi.org/10.1016/j.biombioe.2012.09.037
W41,,https://doi.org/10.1016/j.joule.2023.12.018
W42,,https://doi.org/10.13031/aea.12378
W43,,https://doi.org/10.1016/j.enpol.2018.10.009
W44,https://www.manomet.org/wp-content/uploads/2018/03/Manomet_Biomass_Report_Full_June2010.pdf,https://www.manomet.org/publication/study-of-woody-biomass-energy/
W45,,https://doi.org/10.1111/gcbb.12276
W46,,https://doi.org/10.1111/gcbb.12245
W47,,https://theicct.org/publication/climate-mitigation-potential-of-biofuels-from-residues-and-wastes/
W48,,https://doi.org/10.1016/j.rser.2019.109519
W49,https://www.epa.gov/sites/default/files/2016-08/documents/framework-for-assessing-biogenic-co2-emissions.pdf,https://www.epa.gov/stationary-sources-air-pollution/framework-assessing-biogenic-carbon-dioxide-emissions-stationary
W50,,https://doi.org/10.2788/29442
W51,,https://doi.org/10.1016/j.rser.2020.110368
W52,,https://doi.org/10.1111/gcbb.70045
W53,,https://www.rff.org/publications/reports/forest-wildfire-risk-and-wood-product-markets/
W54,,https://www.fs.usda.gov/research/treesearch
W55,,https://doi.org/10.1038/srep15991
W56,,https://doi.org/10.5194/bg-11-6417-2014
W57,,https://doi.org/10.1186/s13705-021-00281-w
W58,,https://doi.org/10.23720/BT2023/2316170
W59,,https://doi.org/10.1093/pnasnexus/pgad345
W60,,LOCAL
W61,,https://www.epa.gov/sab
N01,https://www.energy.gov/sites/default/files/2025-01/45Y-48E%20Manure%20Counterfactual%20White%20Paper.pdf,
N02,https://nepis.epa.gov/Exe/ZyPDF.cgi?Dockey=P1006DXP.PDF,
N03,,https://www.epa.gov/renewable-fuel-standard-program/lifecycle-analysis-greenhouse-gas-emissions-under-renewable-fuel
N04,,https://www.energy.gov/articles/clean-hydrogen-production-tax-credit-45v-resources
N05,,https://www.irs.gov/irb/2025-07_IRB#REV-PROC-2025-14
N06,,https://ww2.arb.ca.gov/our-work/programs/low-carbon-fuel-standard
N07,,https://www.epa.gov/warm
N08,,https://ecoinvent.org/
